City_ID,City,Country,Date,Lat,Lng,Max Temp,Humidity,Cloudiness,Wind Speed
0,Upernavik,GL,2021-01-19 02:13:58,72.7868,-56.1549,7.07,78,10,7.83
1,Niort,FR,2021-01-19 02:09:18,46.3333,-0.3333,34.0,88,96,8.5
2,Luderitz,NA,2021-01-19 02:13:58,-26.6481,15.1594,64.92,84,49,11.97
3,Rikitea,PF,2021-01-19 02:13:58,-23.1203,-134.9692,78.48,74,72,14.41
4,Saint-Philippe,RE,2021-01-19 02:13:58,-21.3585,55.7679,78.8,69,0,4.61
5,Sal Rei,CV,2021-01-19 02:13:58,16.1833,-22.9167,69.8,68,100,18.41
6,Provideniya,RU,2021-01-19 02:13:58,64.3833,-173.3,-4.0,71,75,13.42
7,Santa Rosa,PH,2021-01-19 02:13:59,14.3122,121.1114,82.0,74,75,2.3
8,Faanui,PF,2021-01-19 02:13:59,-16.4833,-151.75,80.85,77,4,15.46
9,Ponta Delgada,PT,2021-01-19 02:09:02,37.7333,-25.6667,61.0,82,75,18.41
10,Qaanaaq,GL,2021-01-19 02:13:59,77.484,-69.3632,4.05,83,89,6.78
11,Maceio,BR,2021-01-19 02:13:59,-9.6658,-35.7353,73.4,94,40,4.61
12,Cape Town,ZA,2021-01-19 02:13:59,-33.9258,18.4232,68.0,88,0,10.36
13,Panguna,PG,2021-01-19 02:13:59,-6.3164,155.4848,83.52,61,85,3.27
14,Kodiak,US,2021-01-19 02:13:59,57.79,-152.4072,39.2,60,90,16.11
15,Havre-Saint-Pierre,CA,2021-01-19 02:12:37,50.2334,-63.5986,23.0,86,90,13.8
16,Georgetown,MY,2021-01-19 02:13:59,5.4112,100.3354,78.8,78,20,2.3
17,Da Nang,VN,2021-01-19 02:13:31,16.0678,108.2208,66.2,72,75,1.52
18,Erenhot,CN,2021-01-19 02:14:00,43.6475,111.9767,7.14,90,35,4.27
19,San Policarpo,PH,2021-01-19 02:14:00,12.1791,125.5072,78.39,90,100,15.95
20,Hermanus,ZA,2021-01-19 02:12:19,-34.4187,19.2345,61.0,92,46,4.12
21,La Palma,US,2021-01-19 02:14:00,33.8464,-118.0467,64.99,100,20,6.91
22,Castro,BR,2021-01-19 02:14:00,-24.7911,-50.0119,65.37,97,100,10.2
23,Isangel,VU,2021-01-19 02:14:00,-19.55,169.2667,87.8,74,75,9.22
24,Nikolskoye,RU,2021-01-19 02:14:00,59.7035,30.7861,21.2,86,90,2.24
25,Dikson,RU,2021-01-19 02:14:00,73.5069,80.5464,-20.36,85,4,21.56
26,Chumikan,RU,2021-01-19 02:14:00,54.7183,135.315,-20.22,75,0,27.94
27,Chuy,UY,2021-01-19 02:12:23,-33.6971,-53.4616,61.23,76,0,4.81
28,Ushuaia,AR,2021-01-19 02:09:25,-54.8,-68.3,50.0,76,40,4.61
29,Mumbwa,ZM,2021-01-19 02:14:01,-14.9783,27.0619,65.05,96,100,4.23
30,Punta Arenas,CL,2021-01-19 02:12:14,-53.15,-70.9167,48.2,81,0,12.66
31,Abu Samrah,SY,2021-01-19 02:14:01,35.3029,37.1841,47.07,84,100,8.52
32,Hithadhoo,MV,2021-01-19 02:14:01,-0.6,73.0833,80.17,69,1,7.67
33,Atbasar,KZ,2021-01-19 02:14:01,51.8,68.3333,-1.55,89,100,7.94
34,Pisco,PE,2021-01-19 02:09:17,-13.7,-76.2167,69.8,83,0,8.05
35,Huainan,CN,2021-01-19 02:14:01,32.6264,116.9969,44.82,55,0,13.18
36,Taoudenni,ML,2021-01-19 02:14:01,22.6783,-3.9836,54.3,38,71,14.99
37,Lebu,CL,2021-01-19 02:14:02,-37.6167,-73.65,60.01,83,0,20.07
38,Inhambane,MZ,2021-01-19 02:14:02,-23.865,35.3833,78.01,83,100,15.1
39,Cherskiy,RU,2021-01-19 02:14:02,68.75,161.3,-41.53,80,48,5.23
40,Shizunai,JP,2021-01-19 02:13:05,42.3339,142.3669,24.98,88,97,20.02
41,Xai-Xai,MZ,2021-01-19 02:14:02,-25.0519,33.6442,75.06,80,95,11.88
42,Hobart,AU,2021-01-19 02:14:02,-42.8794,147.3294,63.0,38,75,17.27
43,Beloha,MG,2021-01-19 02:14:02,-25.1667,45.05,74.25,93,94,6.02
44,Hovd,MN,2021-01-19 02:14:03,48.0056,91.6419,2.28,75,23,0.56
45,New Norfolk,AU,2021-01-19 02:14:03,-42.7826,147.0587,63.0,44,76,4.0
46,Altamira,BR,2021-01-19 02:14:03,-3.2033,-52.2064,70.23,95,100,1.25
47,Mataura,NZ,2021-01-19 02:14:03,-46.1927,168.8643,60.01,58,79,15.01
48,Mar Del Plata,AR,2021-01-19 02:13:02,-38.0023,-57.5575,77.0,41,0,4.61
49,Lompoc,US,2021-01-19 02:14:03,34.6391,-120.4579,69.8,32,1,9.22
50,Neiafu,TO,2021-01-19 02:14:03,-18.65,-173.9833,86.0,74,20,9.22
51,Busselton,AU,2021-01-19 02:14:03,-33.65,115.3333,93.99,34,11,1.01
52,Severo-Kurilsk,RU,2021-01-19 02:14:03,50.6789,156.125,19.69,87,93,30.29
53,Coihaique,CL,2021-01-19 02:13:07,-45.5752,-72.0662,57.2,88,40,3.44
54,Bonavista,CA,2021-01-19 02:14:04,48.6499,-53.1147,37.0,93,100,3.44
55,Harper,LR,2021-01-19 02:09:10,4.375,-7.7169,78.19,83,4,5.77
56,Santo Domingo,DO,2021-01-19 02:13:09,18.5001,-69.9886,78.01,100,100,3.89
57,Chapais,CA,2021-01-19 02:14:04,49.7834,-74.8492,-4.0,77,1,5.75
58,Narsaq,GL,2021-01-19 02:12:40,60.9167,-46.05,17.6,57,100,4.61
59,Longyearbyen,SJ,2021-01-19 02:13:10,78.2186,15.6401,17.6,67,20,26.46
60,Yarada,IN,2021-01-19 02:14:04,17.65,83.2667,66.2,100,20,2.3
61,Hasaki,JP,2021-01-19 02:09:05,35.7333,140.8333,46.0,29,20,19.57
62,Perelyub,RU,2021-01-19 02:14:04,51.8667,50.3667,3.67,93,100,9.55
63,Klaksvik,FO,2021-01-19 02:14:04,62.2266,-6.589,33.8,86,7,5.75
64,Ostrovnoy,RU,2021-01-19 02:14:05,68.0531,39.5131,19.2,96,99,13.0
65,Jamestown,US,2021-01-19 02:11:53,42.097,-79.2353,30.0,100,90,10.36
66,East London,ZA,2021-01-19 02:14:05,-33.0153,27.9116,69.55,81,0,18.34
67,Yellowknife,CA,2021-01-19 02:14:05,62.456,-114.3525,1.4,85,90,11.5
68,Norman Wells,CA,2021-01-19 02:14:05,65.282,-126.8329,1.4,85,75,10.36
69,Taywarah,AF,2021-01-19 02:14:05,33.35,64.4167,24.87,91,15,2.28
70,Toktogul,KG,2021-01-19 02:14:05,41.8708,72.9402,36.39,63,95,2.93
71,Mananara,MG,2021-01-19 02:14:05,-16.1667,49.7667,74.59,92,100,6.87
72,Atuona,PF,2021-01-19 02:14:05,-9.8,-139.0333,78.58,74,89,18.59
73,Pulandian,CN,2021-01-19 02:11:11,39.3953,121.9669,23.0,68,75,11.18
74,Mahebourg,MU,2021-01-19 02:14:06,-20.4081,57.7,78.8,94,75,6.91
75,Tucuma,BR,2021-01-19 02:14:06,-0.1833,-50.05,76.96,90,100,6.33
76,Mandalgovi,MN,2021-01-19 02:14:06,45.7625,106.2708,7.54,87,89,3.53
77,Mayo,US,2021-01-19 02:14:06,38.8876,-76.5119,39.0,52,1,6.91
78,Natal,BR,2021-01-19 02:13:44,-5.795,-35.2094,80.6,74,40,9.22
79,Kapaa,US,2021-01-19 02:14:06,22.0752,-159.319,71.6,68,75,26.46
80,Flinders,AU,2021-01-19 02:14:06,-34.5833,150.8552,73.99,56,21,7.0
81,Dalby,AU,2021-01-19 02:14:06,-27.1833,151.2667,86.0,47,90,4.0
82,Olga,RU,2021-01-19 02:14:07,43.7444,135.2892,-2.38,73,0,17.09
83,Barrow,US,2021-01-19 02:14:07,71.2906,-156.7887,-2.2,78,90,17.27
84,Acarau,BR,2021-01-19 02:11:22,-2.8856,-40.12,79.3,80,100,11.36
85,Prado,BR,2021-01-19 02:14:07,-17.3411,-39.2208,76.19,82,0,8.77
86,Port Alfred,ZA,2021-01-19 02:14:07,-33.5906,26.891,66.0,90,0,18.16
87,Albany,US,2021-01-19 02:11:49,42.6001,-73.9662,30.0,67,3,1.01
88,Hervey Bay,AU,2021-01-19 02:14:07,-25.2986,152.8535,87.8,48,10,5.75
89,Meiganga,CM,2021-01-19 02:14:07,6.5167,14.3,63.3,29,7,6.46
90,Huarmey,PE,2021-01-19 02:14:07,-10.0681,-78.1522,70.47,83,100,7.11
91,Iqaluit,CA,2021-01-19 02:12:20,63.7506,-68.5145,21.2,86,90,17.27
92,Montoro,ES,2021-01-19 02:14:07,38.0241,-4.3834,43.0,93,0,1.32
93,Olafsvik,IS,2021-01-19 02:14:08,64.8945,-23.7142,31.91,90,9,13.58
94,Twentynine Palms,US,2021-01-19 02:14:08,34.1356,-116.0542,62.6,20,20,10.36
95,Tabou,CI,2021-01-19 02:14:08,4.423,-7.3528,78.64,81,27,6.44
96,Blatnica,BA,2021-01-19 02:14:08,44.4864,17.8233,19.4,93,0,2.3
97,Saint-Paul,RE,2021-01-19 02:14:08,-21.0096,55.2707,78.8,78,0,8.05
98,Balikpapan,ID,2021-01-19 02:10:52,-1.2675,116.8289,84.2,74,20,8.05
99,Puerto Ayora,EC,2021-01-19 02:12:25,-0.7393,-90.3518,73.0,98,62,5.37
100,Hilo,US,2021-01-19 02:09:27,19.7297,-155.09,71.6,83,90,8.05
101,Ponta Do Sol,PT,2021-01-19 02:14:08,32.6667,-17.1,55.99,67,81,1.99
102,Akyab,MM,2021-01-19 02:14:08,20.15,92.9,69.08,74,12,4.29
103,Bafoulabe,ML,2021-01-19 02:14:09,13.8065,-10.8321,69.4,21,0,5.23
104,Tuktoyaktuk,CA,2021-01-19 02:14:09,69.4541,-133.0374,-5.8,77,20,13.8
105,Bambous Virieux,MU,2021-01-19 02:14:09,-20.3428,57.7575,79.0,94,75,6.91
106,Vaini,TO,2021-01-19 02:14:09,-21.2,-175.2,86.0,74,75,9.22
107,Belvedere Marittimo,IT,2021-01-19 02:14:09,39.6179,15.8617,28.99,89,0,1.01
108,Touros,BR,2021-01-19 02:14:09,-5.1989,-35.4608,80.6,74,40,11.5
109,Manokwari,ID,2021-01-19 02:14:09,-0.8667,134.0833,82.6,71,90,3.83
110,Sinait,PH,2021-01-19 02:14:09,17.8664,120.4583,86.0,51,20,5.75
111,Bethel,US,2021-01-19 02:14:09,41.3712,-73.414,34.0,55,1,5.75
112,Samarai,PG,2021-01-19 02:14:10,-10.6167,150.6667,87.12,71,76,13.42
113,Mackay,AU,2021-01-19 02:14:10,-21.15,149.2,82.4,78,75,14.97
114,Suluq,LY,2021-01-19 02:14:10,31.6682,20.2521,54.14,75,12,10.54
115,Honningsvag,NO,2021-01-19 02:14:11,70.9821,25.9704,31.77,92,86,23.02
116,Thompson,CA,2021-01-19 02:14:11,55.7435,-97.8558,-9.4,84,75,2.3
117,Bengkulu,ID,2021-01-19 02:14:11,-3.8004,102.2655,80.51,67,95,3.71
118,Port Elizabeth,ZA,2021-01-19 02:14:11,-33.918,25.5701,64.4,94,0,4.61
119,Bredasdorp,ZA,2021-01-19 02:12:18,-34.5322,20.0403,64.4,88,89,3.44
120,Stege,DK,2021-01-19 02:14:12,54.987,12.2846,37.99,10,100,16.37
121,Kazachinskoye,RU,2021-01-19 02:14:12,57.6953,93.2761,7.66,93,100,9.04
122,Kavarna,BG,2021-01-19 02:14:12,43.4333,28.3333,19.99,86,40,9.6
123,Tuatapere,NZ,2021-01-19 02:12:46,-46.1333,167.6833,60.01,58,66,15.01
124,Kahului,US,2021-01-19 02:13:12,20.8947,-156.47,71.6,83,90,28.77
125,Marsala,IT,2021-01-19 02:14:13,37.7966,12.4352,48.0,100,0,5.75
126,Lata,PT,2021-01-19 02:14:13,40.1629,-8.3327,48.99,73,0,3.36
127,Presidencia Roque Saenz Pena,AR,2021-01-19 02:14:13,-26.7852,-60.4388,72.0,56,0,1.99
128,Luanda,AO,2021-01-19 02:14:13,-8.8368,13.2343,77.0,83,40,2.3
129,Lagoa,PT,2021-01-19 02:14:14,39.05,-27.9833,61.45,89,100,33.51
130,Kemijarvi,FI,2021-01-19 02:14:14,66.7131,27.4306,6.73,94,10,2.39
131,Eyrarbakki,IS,2021-01-19 02:14:14,63.863,-21.1481,32.0,69,20,27.63
132,Ribeira Grande,PT,2021-01-19 02:14:14,38.5167,-28.7,63.34,88,100,35.86
133,Abu Zabad,SD,2021-01-19 02:14:14,12.35,29.25,65.1,26,0,19.86
134,Tasiilaq,GL,2021-01-19 02:14:15,65.6145,-37.6368,19.4,45,25,2.3
135,Mount Isa,AU,2021-01-19 02:14:15,-20.7333,139.5,96.8,30,0,10.36
136,Mount Gambier,AU,2021-01-19 02:14:15,-37.8333,140.7667,66.2,45,0,14.97
137,Moose Factory,CA,2021-01-19 02:14:15,51.2585,-80.6094,-0.4,84,90,6.91
138,Tiksi,RU,2021-01-19 02:14:15,71.6872,128.8694,-30.48,85,100,4.76
139,Marang,MY,2021-01-19 02:14:15,5.2056,103.2059,78.8,73,40,4.61
140,Kupang,ID,2021-01-19 02:14:15,-10.1667,123.5833,77.0,94,90,11.5
141,Haines Junction,CA,2021-01-19 02:14:15,60.7522,-137.5108,33.8,100,100,12.66
142,Hofn,IS,2021-01-19 02:14:15,64.2539,-15.2082,35.96,79,100,25.21
143,Butaritari,KI,2021-01-19 02:14:16,3.0707,172.7902,81.34,81,17,17.98
144,Khatanga,RU,2021-01-19 02:12:45,71.9667,102.5,-34.29,81,28,13.29
145,Riosucio,CO,2021-01-19 02:14:16,5.4216,-75.7032,73.4,68,40,2.3
146,Quatre Cocos,MU,2021-01-19 02:14:16,-20.2078,57.7625,79.0,94,75,6.91
147,Chor,PK,2021-01-19 02:14:16,25.5167,69.7667,55.67,52,0,8.88
148,Manzhouli,CN,2021-01-19 02:14:16,49.6,117.4333,-10.66,87,13,3.42
149,Ilulissat,GL,2021-01-19 02:14:16,69.2167,-51.1,8.6,66,40,2.3
150,Mirnyy,RU,2021-01-19 02:14:16,62.5353,113.9611,-44.0,79,100,9.1
151,Ancud,CL,2021-01-19 02:14:16,-41.8697,-73.8203,61.0,94,0,8.05
152,Dwarka,IN,2021-01-19 02:14:16,22.2394,68.9678,66.97,52,0,11.52
153,Kieta,PG,2021-01-19 02:14:16,-6.2167,155.6333,86.05,60,87,4.03
154,Saint Anthony,US,2021-01-19 02:14:17,45.0205,-93.218,21.2,79,90,6.91
155,Rio Gallegos,AR,2021-01-19 02:14:17,-51.6226,-69.2181,57.2,54,40,5.75
156,Torbay,CA,2021-01-19 02:12:17,47.6666,-52.7314,37.0,93,90,11.5
157,Chara,RU,2021-01-19 02:14:17,56.9064,118.2631,-23.44,66,50,1.3
158,Sisimiut,GL,2021-01-19 02:14:17,66.9395,-53.6735,21.42,85,16,13.8
159,Herat,AF,2021-01-19 02:14:17,34.5,62.0,32.0,59,0,2.84
160,Vila Velha,BR,2021-01-19 02:12:45,-20.3297,-40.2925,77.0,83,20,4.61
161,Aviles,ES,2021-01-19 02:14:17,43.5547,-5.9248,46.0,81,0,4.61
162,Grand Gaube,MU,2021-01-19 02:14:17,-20.0064,57.6608,79.0,88,96,1.99
163,Bluff,NZ,2021-01-19 02:14:17,-46.6,168.3333,60.01,58,44,15.01
164,Asau,RO,2021-01-19 02:14:18,46.4333,26.4,7.0,63,5,5.88
165,Praia Da Vitoria,PT,2021-01-19 02:14:18,38.7333,-27.0667,62.6,88,75,24.02
166,Muros,ES,2021-01-19 02:14:18,42.7762,-9.0603,44.01,96,2,14.83
167,Leningradskiy,RU,2021-01-19 02:14:18,69.3833,178.4167,-22.34,84,100,12.84
168,Nanortalik,GL,2021-01-19 02:14:18,60.1432,-45.2371,27.75,84,100,6.13
169,Poum,NC,2021-01-19 02:14:18,-20.2333,164.0167,83.3,76,99,9.15
170,Qarqin,AF,2021-01-19 02:14:18,37.4185,66.0436,53.46,61,1,21.7
171,Namatanai,PG,2021-01-19 02:14:18,-3.6667,152.4333,84.94,68,60,8.61
172,Livingston,GB,2021-01-19 02:14:18,55.9029,-3.5226,39.2,93,90,3.44
173,Victoria,HK,2021-01-19 02:13:04,22.2855,114.1577,62.01,58,0,1.99
174,Bafq,IR,2021-01-19 02:14:18,31.6128,55.4107,47.97,44,0,1.99
175,Aanekoski,FI,2021-01-19 02:14:19,62.6946,25.818,24.8,93,90,4.61
176,Maiduguri,NG,2021-01-19 02:14:19,11.8464,13.1603,62.56,46,0,8.59
177,Kudat,MY,2021-01-19 02:14:19,6.8837,116.8477,77.0,94,40,3.44
178,Koltsovo,RU,2021-01-19 02:14:19,54.9376,83.1825,-5.8,77,0,8.95
179,Eirunepe,BR,2021-01-19 02:14:19,-6.6603,-69.8736,74.16,96,100,0.47
180,Alta Floresta,BR,2021-01-19 02:14:19,-9.8756,-56.0861,72.72,95,100,3.0
181,Mtsamboro,YT,2021-01-19 02:14:19,-12.6998,45.0689,82.4,78,20,5.75
182,Aklavik,CA,2021-01-19 02:12:55,68.2191,-135.0107,1.4,84,40,8.05
183,Tazovskiy,RU,2021-01-19 02:14:19,67.4667,78.7,-16.85,89,93,6.2
184,Vari,GR,2021-01-19 02:14:20,37.8312,23.8081,39.99,86,20,3.44
185,Bani,DO,2021-01-19 02:12:45,18.2833,-70.3333,78.01,81,100,3.0
186,Okha,RU,2021-01-19 02:14:20,53.5739,142.9478,-18.53,80,17,18.43
187,Katsuura,JP,2021-01-19 02:14:20,35.1333,140.3,46.4,36,20,21.85
188,Jinan,CN,2021-01-19 02:14:20,36.6683,116.9972,35.01,50,0,0.45
189,Nome,US,2021-01-19 02:14:20,64.5011,-165.4064,10.0,85,90,5.75
190,Ewa Beach,US,2021-01-19 02:13:12,21.3156,-158.0072,71.6,73,40,11.5
191,Clyde River,CA,2021-01-19 02:14:20,70.4692,-68.5914,-4.0,92,90,4.61
192,Kavaratti,IN,2021-01-19 02:14:20,10.5669,72.642,81.37,68,0,5.46
193,Pemangkat,ID,2021-01-19 02:14:20,1.1667,108.9667,80.33,80,100,9.89
194,Moree,AU,2021-01-19 02:14:21,-29.4667,149.85,84.2,42,0,4.61
195,Cidreira,BR,2021-01-19 02:12:21,-30.1811,-50.2056,69.58,75,8,7.76
196,Husavik,IS,2021-01-19 02:14:21,66.0449,-17.3389,30.2,93,90,21.85
197,Carnarvon,AU,2021-01-19 02:12:16,-24.8667,113.6333,86.0,84,5,13.8
198,Anadyr,RU,2021-01-19 02:14:21,64.75,177.4833,-22.0,76,20,6.71
199,Saint-Gilles,FR,2021-01-19 02:14:21,43.6766,4.4302,32.0,74,0,4.61
200,Borba,BR,2021-01-19 02:14:21,-4.3878,-59.5939,74.88,97,100,3.18
201,Bonfim,BR,2021-01-19 02:12:32,3.0833,-59.95,78.75,67,100,7.31
202,Palmer,US,2021-01-19 02:14:22,42.1584,-72.3287,32.0,59,20,8.05
203,Zhangye,CN,2021-01-19 02:14:22,38.9342,100.4517,17.62,70,0,1.74
204,Shingu,JP,2021-01-19 02:14:22,33.7333,135.9833,44.6,49,40,20.71
205,Avarua,CK,2021-01-19 02:12:15,-21.2078,-159.775,82.4,74,95,9.22
206,Santo Amaro Da Imperatriz,BR,2021-01-19 02:14:22,-27.6881,-48.7786,77.0,68,0,11.5
207,Charters Towers,AU,2021-01-19 02:14:22,-20.1,146.2667,81.68,65,100,8.63
208,Pangnirtung,CA,2021-01-19 02:14:22,66.1451,-65.7125,17.19,85,100,8.95
209,Mishan,CN,2021-01-19 02:14:22,45.55,131.8833,-9.58,83,0,13.35
210,Placerville,US,2021-01-19 02:14:22,38.7296,-120.7986,64.4,14,1,19.57
211,Kodinsk,RU,2021-01-19 02:14:22,58.6881,99.1844,6.78,94,100,5.93
212,Greenwood,US,2021-01-19 02:14:23,34.1668,-82.1165,42.8,49,1,5.75
213,Susuman,RU,2021-01-19 02:14:23,62.7833,148.1667,-22.34,82,100,4.25
214,Naze,JP,2021-01-19 02:14:23,28.3667,129.4833,60.8,55,75,12.66
215,Birao,CF,2021-01-19 02:14:23,10.2849,22.7882,66.97,25,60,7.9
216,Virden,US,2021-01-19 02:11:50,39.5009,-89.7679,35.01,93,100,5.01
217,Springfield,US,2021-01-19 02:14:23,37.2153,-93.2982,44.01,60,1,11.18
218,Tezu,IN,2021-01-19 02:14:23,27.9167,96.1667,63.07,69,78,2.46
219,Marawi,PH,2021-01-19 02:14:23,7.9986,124.2928,79.0,86,96,5.99
220,Acajutla,SV,2021-01-19 02:11:24,13.5928,-89.8275,79.56,65,3,2.95
221,Avera,US,2021-01-19 02:14:24,33.194,-82.5271,39.99,65,1,6.6
222,Tanabe,JP,2021-01-19 02:14:24,33.7333,135.3667,44.6,49,40,20.71
223,Saskylakh,RU,2021-01-19 02:14:24,71.9167,114.0833,-40.49,80,98,3.47
224,Tandil,AR,2021-01-19 02:10:14,-37.3217,-59.1332,66.94,39,0,4.92
225,Pangkalanbuun,ID,2021-01-19 02:14:19,-2.6833,111.6167,83.88,68,100,2.68
226,Alvand,IR,2021-01-19 02:14:06,36.3187,49.1678,29.75,95,1,16.22
227,Ende,ID,2021-01-19 02:14:24,-8.8432,121.6623,83.7,68,100,4.5
228,Piacabucu,BR,2021-01-19 02:14:24,-10.4056,-36.4344,76.84,81,0,10.45
229,Faya,SA,2021-01-19 02:14:24,18.3851,42.4509,51.8,66,0,1.52
230,Ballarat,AU,2021-01-19 02:14:24,-37.5662,143.8496,64.99,49,0,7.0
231,Tres Arroyos,AR,2021-01-19 02:14:25,-38.3739,-60.2798,64.56,54,0,5.17
232,Vila Franca Do Campo,PT,2021-01-19 02:14:25,37.7167,-25.4333,61.0,82,75,18.41
233,Esperance,AU,2021-01-19 02:14:25,-33.8667,121.9,75.2,46,0,17.27
234,Gannan,CN,2021-01-19 02:14:25,47.9147,123.5031,-7.06,77,93,9.86
235,Viedma,AR,2021-01-19 02:10:32,-40.8135,-62.9967,70.74,38,0,8.12
236,Iroquois Falls,CA,2021-01-19 02:14:25,48.7669,-80.6831,6.8,78,90,4.61
237,Kysyl-Syr,RU,2021-01-19 02:14:25,63.8986,122.7617,-52.65,76,54,6.08
238,Heihe,CN,2021-01-19 02:14:25,50.2441,127.4902,-14.8,48,0,4.47
239,Ukiah,US,2021-01-19 02:14:25,39.1502,-123.2078,60.8,36,1,3.44
240,Aksarka,RU,2021-01-19 02:14:26,66.5606,67.7975,-20.24,85,99,4.41
241,Tateyama,JP,2021-01-19 02:13:03,34.9833,139.8667,50.0,40,20,8.05
242,Moranbah,AU,2021-01-19 02:14:26,-22.0016,148.0466,88.2,46,21,14.14
243,Airai,TL,2021-01-19 02:14:26,-8.9266,125.4092,65.25,100,100,1.72
244,Gold Coast,AU,2021-01-19 02:14:26,-28.0,153.4333,88.0,65,100,11.5
245,Saint George,US,2021-01-19 02:13:52,37.1041,-113.5841,51.8,25,1,17.27
246,Patnagarh,IN,2021-01-19 02:14:26,20.7167,83.15,61.81,64,0,3.27
247,Lakhdenpokhya,RU,2021-01-19 02:14:26,61.5198,30.1992,18.03,98,99,6.35
248,Shiyan,CN,2021-01-19 02:14:26,32.6475,110.7781,42.76,62,0,3.87
249,College,US,2021-01-19 02:12:38,64.8569,-147.8028,39.2,68,75,7.29
250,Bilma,NE,2021-01-19 02:14:27,18.6853,12.9164,57.36,34,0,11.18
251,Egvekinot,RU,2021-01-19 02:14:27,66.3167,-179.1667,-18.0,86,100,9.13
252,Villacarrillo,ES,2021-01-19 02:14:27,38.1156,-3.0848,37.0,79,0,2.08
253,Bathsheba,BB,2021-01-19 02:14:27,13.2167,-59.5167,78.8,78,20,18.41
254,Inuvik,CA,2021-01-19 02:14:27,68.3499,-133.7218,1.4,85,40,6.91
255,Codrington,AU,2021-01-19 02:14:27,-38.2667,141.9667,61.18,56,0,16.04
256,Eskil,TR,2021-01-19 02:14:27,38.4017,33.4131,24.78,87,42,5.53
257,Tadine,NC,2021-01-19 02:14:27,-21.55,167.8833,82.63,77,93,3.24
258,Geraldton,AU,2021-01-19 02:14:28,-28.7667,114.6,86.0,51,75,3.44
259,Zwedru,LR,2021-01-19 02:14:28,6.0667,-8.1281,71.47,95,1,2.35
260,Rabo De Peixe,PT,2021-01-19 02:14:28,37.8,-25.5833,61.0,82,75,18.41
261,Tsiroanomandidy,MG,2021-01-19 02:14:28,-18.7667,46.0333,68.34,92,100,4.16
262,Horadiz,AZ,2021-01-19 02:14:28,39.4488,47.3353,39.2,93,40,13.8
263,Wright,US,2021-01-19 02:14:28,45.1833,-93.9502,21.2,86,80,5.75
264,Los Llanos De Aridane,ES,2021-01-19 02:14:28,28.6585,-17.9182,62.6,67,90,5.75
265,Tiarei,PF,2021-01-19 02:14:28,-17.5333,-149.3333,87.8,51,20,5.75
266,Cockburn Town,TC,2021-01-19 02:14:28,21.4612,-71.1419,77.0,73,75,9.22
267,Sakakah,SA,2021-01-19 02:14:29,29.9697,40.2064,46.4,49,0,6.91
268,Port Lincoln,AU,2021-01-19 02:14:29,-34.7333,135.8667,66.65,60,17,13.02
269,Jalalabad,AF,2021-01-19 02:14:29,34.4265,70.4515,47.34,49,0,1.7
270,Yamada,JP,2021-01-19 02:14:29,39.4667,141.95,29.35,82,8,23.69
271,Qingdao,CN,2021-01-19 02:10:13,36.0986,120.3719,37.99,69,20,4.47
272,Joshimath,IN,2021-01-19 02:14:29,30.5667,79.5667,40.19,44,0,5.53
273,Calama,CL,2021-01-19 02:14:07,-22.4667,-68.9333,59.0,18,0,9.22
274,Arlit,NE,2021-01-19 02:14:29,18.7369,7.3853,58.91,30,0,5.75
275,Havelock,US,2021-01-19 02:13:02,34.8791,-76.9013,39.0,75,1,5.75
276,Zhigansk,RU,2021-01-19 02:12:08,66.7697,123.3711,-50.91,76,53,7.25
277,Westport,US,2021-01-19 02:14:30,41.1415,-73.3579,37.4,52,1,10.36
278,Pacific Grove,US,2021-01-19 02:09:34,36.6177,-121.9166,61.0,47,1,4.61
279,Havoysund,NO,2021-01-19 02:14:30,70.9963,24.6622,30.2,64,75,8.05
280,Taltal,CL,2021-01-19 02:14:30,-25.4,-70.4833,67.24,68,0,5.1
281,San Carlos De Bariloche,AR,2021-01-19 02:14:30,-41.1456,-71.3082,64.4,52,0,8.05
282,Paamiut,GL,2021-01-19 02:14:30,61.994,-49.6678,28.06,87,100,7.14
283,Kargasok,RU,2021-01-19 02:14:30,59.0556,80.8572,-13.97,88,100,8.63
284,Chibuto,MZ,2021-01-19 02:14:30,-24.6867,33.5306,72.9,83,100,8.55
285,Sao Filipe,CV,2021-01-19 02:12:21,14.8961,-24.4956,73.9,66,100,7.7
286,Lorengau,PG,2021-01-19 02:14:31,-2.0226,147.2712,84.54,75,45,11.1
287,Menongue,AO,2021-01-19 02:12:59,-14.6585,17.691,63.25,92,100,4.21
288,Ishigaki,JP,2021-01-19 02:14:31,24.3448,124.1572,64.4,63,75,17.27
289,Pianco,BR,2021-01-19 02:14:31,-7.1981,-37.9292,78.35,67,98,7.58
290,Sain Alto,MX,2021-01-19 02:14:31,23.5833,-103.25,57.15,34,76,9.28
291,Arraial Do Cabo,BR,2021-01-19 02:11:43,-22.9661,-42.0278,75.79,84,0,20.47
292,Totness,SR,2021-01-19 02:14:31,5.8833,-56.3167,77.81,82,100,12.06
293,Lazaro Cardenas,MX,2021-01-19 02:14:31,17.9583,-102.2,75.72,81,99,4.12
294,Veraval,IN,2021-01-19 02:14:31,20.9,70.3667,68.25,35,0,10.58
295,Souillac,MU,2021-01-19 02:14:32,-20.5167,57.5167,78.8,94,75,6.91
296,Pevek,RU,2021-01-19 02:14:32,69.7008,170.3133,-28.39,86,100,6.26
297,Olinda,BR,2021-01-19 02:14:32,-8.0089,-34.8553,77.0,78,75,16.11
298,Yarim,YE,2021-01-19 02:14:32,14.298,44.3779,43.16,53,0,4.61
299,Kedrovyy,RU,2021-01-19 02:14:32,56.1667,91.8167,10.4,72,40,8.95
300,Mitsamiouli,KM,2021-01-19 02:14:32,-11.3847,43.2844,81.61,79,91,11.41
301,Sungaipenuh,ID,2021-01-19 02:14:32,-2.0833,101.3833,72.93,68,82,0.94
302,Dingle,PH,2021-01-19 02:14:32,10.9995,122.6711,76.15,90,100,11.86
303,Tulum,MX,2021-01-19 02:14:32,20.2167,-87.4667,73.0,83,40,5.75
304,Masindi,UG,2021-01-19 02:14:33,1.6744,31.715,72.9,52,100,2.46
305,Udachnyy,RU,2021-01-19 02:14:33,66.4167,112.4,-55.44,59,56,4.05
306,Okhotsk,RU,2021-01-19 02:14:33,59.3833,143.3,-6.41,88,100,13.94
307,Camapua,BR,2021-01-19 02:14:33,-19.5314,-54.0439,72.14,93,100,1.9
308,Padang,ID,2021-01-19 02:14:33,-0.9492,100.3543,80.6,74,40,2.3
309,Bolitoc,PH,2021-01-19 02:14:33,15.7395,119.8769,84.07,56,48,6.96
310,Aguimes,ES,2021-01-19 02:14:33,27.9054,-15.4461,60.01,77,20,9.22
311,Kaitangata,NZ,2021-01-19 02:14:33,-46.2817,169.8464,60.06,50,100,10.42
312,Iwanai,JP,2021-01-19 02:13:33,42.9744,140.5089,19.49,92,100,21.83
313,Tura,IN,2021-01-19 02:13:04,25.5198,90.2201,61.39,61,2,4.74
314,Compostela,PH,2021-01-19 02:14:34,7.6731,126.0889,83.77,68,88,1.99
315,Myitkyina,MM,2021-01-19 02:14:34,25.3833,97.4,64.35,59,57,1.92
316,Puqi,CN,2021-01-19 02:14:34,29.7167,113.8833,50.18,46,0,3.15
317,Grand-Lahou,CI,2021-01-19 02:14:34,5.1367,-5.0242,78.64,85,0,6.62
318,Komsomolskiy,UZ,2021-01-19 02:14:34,40.4272,71.7189,37.4,70,100,6.91
319,General Roca,AR,2021-01-19 02:14:34,-39.0333,-67.5833,73.4,31,0,2.3
320,Usevya,TZ,2021-01-19 02:14:34,-7.1,31.2333,65.7,89,96,1.07
321,Cardston,CA,2021-01-19 02:14:34,49.2,-113.3019,30.2,74,0,8.05
322,Mountain Home,US,2021-01-19 02:14:34,43.133,-115.6912,35.6,75,1,11.5
323,Rosetta,EG,2021-01-19 02:14:35,31.4044,30.4164,55.4,71,40,16.11
324,Kushiro,JP,2021-01-19 02:14:35,42.975,144.3747,21.2,68,75,6.91
325,Villa Carlos Paz,AR,2021-01-19 02:14:35,-31.4241,-64.4978,73.0,63,0,6.91
326,Ilhabela,BR,2021-01-19 02:14:35,-23.7781,-45.3581,77.13,84,100,1.41
327,Tarragona,ES,2021-01-19 02:14:35,41.129,1.249,48.0,93,40,5.75
328,Skovorodino,RU,2021-01-19 02:14:35,53.9833,123.9167,-25.04,75,24,0.65
329,Ugoofaaru,MV,2021-01-19 02:12:39,5.6667,73.0,81.82,72,0,14.05
330,Te Anau,NZ,2021-01-19 02:14:35,-45.4167,167.7167,46.9,86,100,9.6
331,Caravelas,BR,2021-01-19 02:14:35,-17.7125,-39.2481,75.31,83,0,6.46
332,Wewak,PG,2021-01-19 02:14:35,-3.5534,143.6268,85.96,65,58,4.81
333,Camalu,MX,2021-01-19 02:14:36,30.85,-116.0667,55.99,59,89,5.99
334,Mucurapo,TT,2021-01-19 02:14:36,10.6667,-61.5333,77.0,83,20,5.75
335,Chemainus,CA,2021-01-19 02:14:36,48.9163,-123.7194,42.8,81,75,2.3
336,Oranjestad,AW,2021-01-19 02:13:26,12.524,-70.027,78.8,83,40,13.8
337,Aksum,ET,2021-01-19 02:14:36,14.1245,38.7244,45.12,63,0,6.02
338,Moerai,PF,2021-01-19 02:14:36,-22.4333,-151.3333,80.87,72,100,11.12
339,Yining,CN,2021-01-19 02:14:36,29.0361,114.5636,49.1,46,0,1.12
340,Kavieng,PG,2021-01-19 02:14:36,-2.5744,150.7967,85.23,70,88,10.92
341,Lebanon,US,2021-01-19 02:14:36,36.2081,-86.2911,44.01,75,90,6.89
342,Xining,CN,2021-01-19 02:14:36,36.6167,101.7667,21.9,59,4,2.28
343,Oktyabrskiy,RU,2021-01-19 02:14:36,54.4815,53.471,0.39,92,100,5.84
344,Saldanha,ZA,2021-01-19 02:12:31,-33.0117,17.9442,62.6,88,0,8.05
345,Puerto Escondido,MX,2021-01-19 02:14:37,15.85,-97.0667,77.0,83,1,1.99
346,Sawtell,AU,2021-01-19 02:14:37,-30.3833,153.1,86.0,54,0,10.36
347,Henties Bay,NA,2021-01-19 02:14:37,-22.116,14.2845,64.99,88,2,2.04
348,Sabha,LY,2021-01-19 02:14:37,27.0377,14.4283,44.73,55,0,6.24
349,Maragogi,BR,2021-01-19 02:14:37,-9.0122,-35.2225,77.02,83,3,8.75
350,Eucaliptus,BO,2021-01-19 02:14:37,-17.5833,-67.5167,48.52,72,100,10.76
351,Talnakh,RU,2021-01-19 02:14:37,69.4865,88.3972,-20.13,86,50,4.56
352,Satka,RU,2021-01-19 02:14:37,55.0425,59.04,7.83,90,100,3.53
353,Shieli,KZ,2021-01-19 02:14:37,44.1667,66.75,32.95,90,87,8.93
354,Astoria,US,2021-01-19 02:14:38,46.1879,-123.8313,46.0,76,1,11.5
355,Ahipara,NZ,2021-01-19 02:12:38,-35.1667,173.1667,72.57,64,100,14.88
356,Kailua,US,2021-01-19 02:14:38,21.4022,-157.7394,71.6,88,90,23.02
357,Burnie,AU,2021-01-19 02:14:38,-41.0667,145.9167,62.58,35,39,7.61
358,Beringovskiy,RU,2021-01-19 02:14:38,63.05,179.3167,-19.19,86,95,12.12
359,Sarab,IR,2021-01-19 02:14:38,38.6066,44.9883,33.96,80,6,4.34
360,Mo I Rana,NO,2021-01-19 02:14:38,66.3128,14.1428,12.99,85,0,4.63
361,Vardo,NO,2021-01-19 02:14:38,70.3705,31.1107,29.19,96,92,27.04
362,Mana,GF,2021-01-19 02:14:38,5.6592,-53.7767,77.27,84,34,11.3
363,Patterson,US,2021-01-19 02:14:39,37.4716,-121.1297,64.4,22,1,13.8
364,Drummondville,CA,2021-01-19 02:14:24,45.8834,-72.4824,17.6,62,9,8.05
365,Mattru,SL,2021-01-19 02:14:39,7.6244,-11.8332,72.59,94,1,2.51
366,San Patricio,US,2021-01-19 02:12:42,28.017,-97.5169,68.0,88,75,19.57
367,Cayenne,GF,2021-01-19 02:14:39,4.9333,-52.3333,77.0,88,20,1.14
368,Oyama,JP,2021-01-19 02:14:39,36.3,139.8,46.0,24,20,20.71
369,Manggar,ID,2021-01-19 02:13:02,-2.8833,108.2667,82.04,70,100,12.3
370,Youghal,IE,2021-01-19 02:14:39,51.95,-7.8506,51.01,100,90,17.27
371,Murliganj,IN,2021-01-19 02:11:22,25.9,86.9833,57.31,66,0,5.7
372,Nyurba,RU,2021-01-19 02:14:40,63.2842,118.3319,-50.39,76,56,5.7
373,Sobolevo,RU,2021-01-19 02:14:40,54.4299,31.8996,-1.14,92,100,3.09
374,Berlevag,NO,2021-01-19 02:14:40,70.8578,29.0864,28.11,93,100,21.54
375,Port Blair,IN,2021-01-19 02:14:40,11.6667,92.75,81.1,70,35,16.93
376,Tessalit,ML,2021-01-19 02:14:40,20.1986,1.0114,61.47,28,46,14.47
377,Redlands,US,2021-01-19 02:10:45,34.0556,-117.1825,73.4,15,1,11.5
378,Vila,PT,2021-01-19 02:14:40,42.0304,-8.1588,36.0,92,0,1.01
379,Pareora,NZ,2021-01-19 02:14:40,-44.4871,171.2132,62.01,58,52,17.0
380,Agboville,CI,2021-01-19 02:14:40,5.928,-4.2132,74.89,90,14,2.35
381,Chernyshevskiy,RU,2021-01-19 02:12:10,63.0128,112.4714,-45.27,80,100,10.18
382,Mwinilunga,ZM,2021-01-19 02:14:41,-11.7358,24.4293,63.45,95,100,5.82
383,Pindiga,NG,2021-01-19 02:14:41,9.9833,10.9333,69.69,22,27,15.64
384,Ayagoz,KZ,2021-01-19 02:14:41,47.9714,80.4392,18.64,78,100,2.93
385,Price,US,2021-01-19 02:14:41,39.5994,-110.8107,30.2,55,1,11.5
386,Rypefjord,NO,2021-01-19 02:14:41,70.6333,23.6667,30.2,64,75,8.05
387,Oxilithos,GR,2021-01-19 02:14:41,38.5833,24.1167,37.0,79,87,7.31
388,Salalah,OM,2021-01-19 02:14:41,17.0151,54.0924,73.4,15,0,10.36
389,Kruisfontein,ZA,2021-01-19 02:14:41,-34.0033,24.7314,62.01,90,0,1.99
390,Luau,AO,2021-01-19 02:14:41,-10.7073,22.2247,64.58,98,100,4.9
391,Goderich,CA,2021-01-19 02:14:41,43.7501,-81.7165,30.2,86,100,6.91
392,Prince Rupert,CA,2021-01-19 02:14:42,54.3161,-130.3201,46.4,76,90,16.11
393,Sibolga,ID,2021-01-19 02:12:37,1.7427,98.7792,81.86,63,94,2.71
394,Sao Gabriel,BR,2021-01-19 02:13:02,-30.3364,-54.32,67.66,68,0,11.97
395,Koslan,RU,2021-01-19 02:14:42,63.4564,48.8989,-0.4,92,100,7.99
396,Sola,VU,2021-01-19 02:14:42,-13.8833,167.55,83.57,78,23,12.75
397,La Rioja,ES,2021-01-19 02:14:42,42.25,-2.5,32.0,93,90,6.78
398,Port Hardy,CA,2021-01-19 02:14:42,50.6996,-127.4199,42.8,100,90,3.44
399,Abrego,CO,2021-01-19 02:14:42,8.0807,-73.2205,62.74,84,34,7.14
400,Yate,GB,2021-01-19 02:14:42,51.5407,-2.4184,52.0,96,100,4.0
401,Chokurdakh,RU,2021-01-19 02:14:42,70.6333,147.9167,-33.66,84,0,3.36
402,Picota,PE,2021-01-19 02:14:42,-6.9197,-76.3304,86.0,58,20,6.91
403,Bahia Blanca,AR,2021-01-19 02:10:16,-38.7196,-62.2724,72.54,47,0,8.81
404,Kenai,US,2021-01-19 02:14:43,60.5544,-151.2583,37.0,80,90,16.11
405,San Vicente,AR,2021-01-19 02:14:43,-26.6167,-54.1333,62.51,87,0,3.44
406,Oxapampa,PE,2021-01-19 02:14:43,-10.5775,-75.4017,58.93,89,100,2.04
407,Jalu,LY,2021-01-19 02:14:43,29.0331,21.5482,49.05,52,0,9.62
408,Sagu,RO,2021-01-19 02:14:43,46.05,21.2833,27.0,93,90,8.05
409,Hambantota,LK,2021-01-19 02:14:43,6.1241,81.1185,71.6,100,75,4.61
410,Adre,TD,2021-01-19 02:14:43,13.4667,22.2,61.05,31,1,19.86
411,Mutsu,JP,2021-01-19 02:14:44,41.2894,141.2169,24.8,86,75,6.91
412,Kashi,CN,2021-01-19 02:12:00,39.4547,75.9797,19.4,73,20,4.47
413,Sorland,NO,2021-01-19 02:14:44,67.667,12.6934,35.92,83,0,18.63
414,Coxim,BR,2021-01-19 02:14:44,-18.5067,-54.76,72.68,94,100,3.29
415,Cabo San Lucas,MX,2021-01-19 02:09:50,22.8909,-109.9124,71.6,33,90,3.44
416,Naliya,IN,2021-01-19 02:14:44,23.2667,68.8333,60.82,56,0,12.24
417,Mayor Pablo Lagerenza,PY,2021-01-19 02:14:44,-19.9309,-60.7718,68.25,64,99,1.81
418,Alyangula,AU,2021-01-19 02:14:44,-13.8483,136.4192,86.0,79,40,8.05
419,Birin,NP,2021-01-19 02:14:44,26.8865,88.0718,48.72,73,8,2.13
420,Srednekolymsk,RU,2021-01-19 02:14:45,67.45,153.6833,-42.36,80,44,3.65
421,Darnah,LY,2021-01-19 02:14:45,32.767,22.6367,54.63,68,2,17.13
422,Vila Real De Santo Antonio,PT,2021-01-19 02:14:45,37.195,-7.4177,48.2,93,20,6.91
423,Boca Do Acre,BR,2021-01-19 02:14:45,-8.7522,-67.3978,71.62,97,100,4.68
424,Steamboat Springs,US,2021-01-19 02:14:45,40.485,-106.8317,21.2,58,1,3.44
425,Morlaix,FR,2021-01-19 02:14:45,48.5833,-4.0,50.0,100,90,20.71
426,Traverse City,US,2021-01-19 02:14:45,44.7631,-85.6206,28.4,80,90,5.75
427,Mbekenyera,TZ,2021-01-19 02:14:45,-10.0,38.9833,72.82,96,100,3.6
428,Yaan,NG,2021-01-19 02:14:45,7.3833,8.5667,73.76,48,25,5.41
429,San Jeronimo,PE,2021-01-19 02:14:46,-11.9472,-75.2829,50.29,72,100,1.05
430,Verkhoyansk,RU,2021-01-19 02:14:46,67.5447,133.385,-37.26,79,100,1.34
431,Eyl,SO,2021-01-19 02:14:46,7.9803,49.8164,72.48,52,83,14.29
432,Sitka,US,2021-01-19 02:12:03,57.0531,-135.33,46.4,81,90,26.46
433,Paracuru,BR,2021-01-19 02:14:46,-3.41,-39.0306,81.0,74,93,17.0
434,Bonoua,CI,2021-01-19 02:14:46,5.2741,-3.595,78.8,94,20,3.44
435,Rio Rancho,US,2021-01-19 02:13:03,35.2334,-106.6645,46.0,39,1,12.66
436,Mazyr,BY,2021-01-19 02:14:46,52.0495,29.2456,-4.47,92,65,5.26
437,Fairbanks,US,2021-01-19 02:11:13,64.8378,-147.7164,39.2,41,1,11.5
438,Toowoomba,AU,2021-01-19 02:14:46,-27.55,151.9667,78.01,61,40,10.36
439,Esso,RU,2021-01-19 02:14:47,55.9333,158.7,15.04,91,100,5.55
440,Alto Araguaia,BR,2021-01-19 02:14:47,-17.3147,-53.2153,70.29,94,100,2.82
441,Malanville,BJ,2021-01-19 02:14:47,11.8685,3.3899,69.55,23,1,8.43
442,Carbonear,CA,2021-01-19 02:14:47,47.7332,-53.2148,37.99,93,90,8.05
443,Hamilton,US,2021-01-19 02:13:08,39.1834,-84.5333,34.0,80,20,5.75
444,Morant Bay,JM,2021-01-19 02:14:47,17.8815,-76.4093,80.6,54,20,8.05
445,Muskegon,US,2021-01-19 02:14:47,43.3,-86.1334,32.0,64,90,9.22
446,Alaca,TR,2021-01-19 02:11:24,40.1683,34.8425,20.86,84,0,1.79
447,Urengoy,RU,2021-01-19 02:14:47,65.9667,78.3667,-21.53,87,91,5.01
448,Fare,PF,2021-01-19 02:14:47,-16.7,-151.0167,80.91,75,0,14.88
449,Iracoubo,GF,2021-01-19 02:14:48,5.4802,-53.2011,78.06,81,84,14.0
450,Ucluelet,CA,2021-01-19 02:11:02,48.9329,-125.5528,42.8,93,75,2.26
451,Mnogovershinnyy,RU,2021-01-19 02:14:48,53.9353,139.9242,-20.27,82,2,9.28
452,Ishimbay,RU,2021-01-19 02:14:48,53.4545,56.0415,8.53,95,100,3.42
453,Kuzino,RU,2021-01-19 02:14:48,57.0224,59.4412,-7.6,88,97,1.1
454,Parakou,BJ,2021-01-19 02:14:48,9.3372,2.6303,69.69,23,72,3.27
455,Gornyak,RU,2021-01-19 02:14:48,50.9942,81.4661,7.34,95,100,2.98
456,La Peca,PE,2021-01-19 02:14:48,-5.6111,-78.435,69.75,73,88,4.23
457,Axim,GH,2021-01-19 02:13:06,4.8699,-2.2405,78.37,88,0,5.7
458,Berzasca,RO,2021-01-19 02:14:48,44.6476,21.9526,19.99,5,100,4.72
459,Muisne,EC,2021-01-19 02:14:49,0.6,-80.0333,75.85,84,85,1.12
460,Sabzevar,IR,2021-01-19 02:14:49,36.2126,57.6819,40.42,69,0,1.52
461,Benghazi,LY,2021-01-19 02:14:49,32.1167,20.0667,56.57,73,5,11.56
462,Portland,US,2021-01-19 02:12:22,45.5234,-122.6762,46.4,71,20,9.22
463,Cutervo,PE,2021-01-19 02:14:49,-6.379,-78.8157,51.42,100,100,1.52
464,Qaqortoq,GL,2021-01-19 02:14:49,60.7167,-46.0333,17.6,57,99,4.61
465,Bela Vista,BR,2021-01-19 02:14:49,-22.1089,-56.5211,71.94,92,100,1.63
466,Ola,RU,2021-01-19 02:12:34,59.5833,151.2833,-6.61,80,100,16.71
467,Sampit,ID,2021-01-19 02:14:49,-2.5333,112.95,84.2,65,100,3.53
468,Aykhal,RU,2021-01-19 02:14:49,66.0,111.5,-53.64,66,41,4.14
469,Tromso,NO,2021-01-19 02:14:50,69.6496,18.957,23.0,93,0,3.44
470,Yulara,AU,2021-01-19 02:14:50,-25.2406,130.9889,87.8,16,0,18.41
471,Safaga,EG,2021-01-19 02:13:18,26.7292,33.9365,53.6,35,0,11.5
472,Booue,GA,2021-01-19 02:12:34,-0.0921,11.9385,72.72,93,100,1.99
473,Camacha,PT,2021-01-19 02:14:50,33.0833,-16.3333,55.4,82,0,6.49
474,Mundo Nuevo,MX,2021-01-19 02:14:50,18.7,-95.5,70.97,82,97,9.46
475,Bilibino,RU,2021-01-19 02:14:50,68.0546,166.4372,-32.82,77,1,1.77
476,East Millcreek,US,2021-01-19 02:14:50,40.7,-111.8105,33.8,93,90,4.61
477,Batagay-Alyta,RU,2021-01-19 02:12:48,67.8006,130.4114,-31.72,82,100,2.01
478,Alexandria,EG,2021-01-19 02:14:51,31.2156,29.9553,55.4,71,40,16.11
479,Gallipoli,TR,2021-01-19 02:14:51,40.4103,26.6708,23.0,86,0,8.05
480,Meulaboh,ID,2021-01-19 02:14:51,4.1363,96.1285,81.57,74,62,2.89
481,Ketchikan,US,2021-01-19 02:14:51,55.3422,-131.6461,44.6,93,90,24.16
482,Parnarama,BR,2021-01-19 02:14:51,-5.6817,-43.0933,73.67,91,100,2.93
483,Durban,ZA,2021-01-19 02:10:34,-29.8579,31.0292,69.8,94,75,3.44
484,Dunedin,NZ,2021-01-19 02:14:51,-45.8742,170.5036,60.01,75,100,1.99
485,Sao Joao Da Barra,BR,2021-01-19 02:14:51,-21.6403,-41.0511,76.17,86,0,16.75
486,Sabang,ID,2021-01-19 02:14:51,5.8933,95.3214,81.12,77,77,16.46
487,Poltar,SK,2021-01-19 02:14:52,48.4309,19.7941,14.0,47,93,0.16
488,Benguela,AO,2021-01-19 02:14:52,-12.5763,13.4055,73.67,80,100,2.33
489,Plettenberg Bay,ZA,2021-01-19 02:14:52,-34.0527,23.3716,66.56,85,0,9.28
490,Marystown,CA,2021-01-19 02:14:52,47.1666,-55.1483,37.58,88,100,13.2
491,Sapele,NG,2021-01-19 02:14:52,5.8941,5.6767,77.32,89,19,2.68
492,Usinsk,RU,2021-01-19 02:14:52,65.9939,57.5281,-22.2,86,99,11.45
493,Urdoma,RU,2021-01-19 02:14:52,61.7533,48.5442,-4.94,92,98,5.59
494,Noumea,NC,2021-01-19 02:14:52,-22.2763,166.4572,87.8,70,20,9.22
495,Necochea,AR,2021-01-19 02:14:52,-38.5473,-58.7368,61.0,86,0,7.9
496,Paveh,IR,2021-01-19 02:14:52,35.0434,46.3565,32.79,93,0,3.56
497,Sieradz,PL,2021-01-19 02:14:53,51.5958,18.7302,21.99,91,97,5.01
498,Kiunga,PG,2021-01-19 02:14:53,-6.1219,141.2906,82.87,75,99,2.62
499,Winslow,US,2021-01-19 02:14:53,35.0242,-110.6974,42.8,17,1,4.92
500,Half Moon Bay,US,2021-01-19 02:14:53,37.4636,-122.4286,68.0,19,1,10.36
501,Koulikoro,ML,2021-01-19 02:14:53,14.0,-7.75,63.16,26,0,9.33
502,San Juan,AR,2021-01-19 02:14:53,-31.5375,-68.5364,82.47,24,88,5.01
503,Jasper,US,2021-01-19 02:11:15,37.2001,-94.3502,46.99,53,1,5.75
504,Richards Bay,ZA,2021-01-19 02:12:37,-28.783,32.0377,69.49,86,63,3.18
505,East Hemet,US,2021-01-19 02:14:53,33.74,-116.9389,64.0,28,0,7.14
506,Tacuati,PY,2021-01-19 02:14:53,-23.45,-56.5833,70.27,76,44,3.11
507,Hami,CN,2021-01-19 02:14:53,42.8,93.45,15.69,75,0,2.84
508,Revnice,CZ,2021-01-19 02:14:54,49.914,14.2359,37.0,99,100,1.99
509,Qandala,SO,2021-01-19 02:14:54,11.472,49.8728,73.2,43,100,3.4
510,Morondava,MG,2021-01-19 02:14:54,-20.2833,44.2833,79.0,85,98,5.5
511,Bontang,ID,2021-01-19 02:14:54,0.1333,117.5,82.06,79,100,8.84
512,Akureyri,IS,2021-01-19 02:14:54,65.6835,-18.0878,30.2,93,90,21.85
513,Grindavik,IS,2021-01-19 02:14:54,63.8424,-22.4338,32.0,80,75,26.46
514,Jardim,BR,2021-01-19 02:10:15,-21.4803,-56.1381,69.42,92,100,2.93
515,Del Rio,US,2021-01-19 02:14:54,29.3627,-100.8968,66.2,42,1,8.05
516,Vao,NC,2021-01-19 02:14:54,-22.6667,167.4833,77.97,89,98,11.88
517,Mildura,AU,2021-01-19 02:14:54,-34.2,142.15,75.99,35,0,11.5
518,Madang,PG,2021-01-19 02:14:55,-5.2246,145.7966,87.66,63,24,4.47
519,Sangmelima,CM,2021-01-19 02:14:55,2.9333,11.9833,71.51,87,92,5.73
520,Moissala,TD,2021-01-19 02:14:55,8.3404,17.7663,68.81,23,26,3.96
521,Adelanto,US,2021-01-19 02:14:55,34.5828,-117.4092,59.0,27,0,1.01
522,Peniche,PT,2021-01-19 02:14:55,39.3558,-9.3811,46.99,61,0,7.0
523,Rawson,AR,2021-01-19 02:14:55,-43.3002,-65.1023,66.85,59,0,10.51
524,Salinas,US,2021-01-19 02:13:03,36.6777,-121.6555,64.4,36,1,4.61
525,Chipata,ZM,2021-01-19 02:14:55,-13.6333,32.65,67.66,92,100,2.44
526,Kununurra,AU,2021-01-19 02:14:55,-15.7667,128.7333,91.4,49,90,9.22
527,Tautira,PF,2021-01-19 02:14:55,-17.7333,-149.15,87.8,51,20,5.75
528,Urucara,BR,2021-01-19 02:14:55,-2.5364,-57.76,75.38,95,100,1.52
529,Roald,NO,2021-01-19 02:14:56,62.5833,6.1333,39.2,65,61,11.5
530,Victor Harbor,AU,2021-01-19 02:14:56,-35.5667,138.6167,73.0,56,43,7.0
531,Achinsk,RU,2021-01-19 02:14:56,56.2694,90.4993,-2.06,90,99,11.68
532,Minab,IR,2021-01-19 02:14:56,27.1467,57.0801,57.2,88,2,4.61
533,Kimberley,ZA,2021-01-19 02:14:56,-28.7323,24.7623,64.4,88,1,6.91
534,Piranshahr,IR,2021-01-19 02:14:56,36.701,45.1413,30.69,92,44,9.93
535,At-Bashi,KG,2021-01-19 02:14:56,41.1702,75.8106,18.1,73,100,0.89
536,Imbituba,BR,2021-01-19 02:14:56,-28.24,-48.6703,73.4,68,0,11.5
537,Anloga,GH,2021-01-19 02:14:56,5.7947,0.8973,80.6,89,20,5.75
538,Aktash,RU,2021-01-19 02:14:57,50.3,87.7333,11.5,94,99,5.23
539,Dakar,SN,2021-01-19 02:14:57,14.6937,-17.4441,64.4,88,0,11.5
540,Chumphon,TH,2021-01-19 02:14:57,10.3333,98.8333,77.0,73,20,12.66
541,La Ronge,CA,2021-01-19 02:14:57,55.1001,-105.2842,10.4,85,100,2.3
542,Chipoka,MW,2021-01-19 02:14:57,-13.9933,34.5157,75.34,83,100,4.21
543,Carutapera,BR,2021-01-19 02:14:57,-1.195,-46.02,76.64,88,100,4.9
544,Jeremoabo,BR,2021-01-19 02:14:57,-10.075,-38.4808,69.19,92,23,8.37
545,Fougamou,GA,2021-01-19 02:14:57,-1.2154,10.5838,74.01,94,100,2.35
546,Smoky Lake,CA,2021-01-19 02:14:57,54.1169,-112.4686,33.8,64,0,9.22
547,Itarema,BR,2021-01-19 02:14:58,-2.9248,-39.9167,79.34,79,100,11.21
